text,label
"Python SQL Pandas NumPy statistics data cleaning visualization",Data Science
"Exploratory data analysis Python Jupyter Pandas Matplotlib Seaborn",Data Science
"Predictive modeling regression classification feature engineering Python",Data Science
"Data mining statistics machine learning SQL business insights",Data Science
"A B testing hypothesis testing dashboards Python analytics",Data Science
"HTML CSS JavaScript React responsive website frontend",Web Development
"Full stack web application JavaScript Node React REST API",Web Development
"Website development Bootstrap Tailwind forms authentication deployment",Web Development
"Interactive web pages DOM JavaScript browser APIs CSS",Web Development
"Modern web development NextJS TypeScript routing components",Web Development
"CI CD pipelines Docker Kubernetes Jenkins infrastructure automation",DevOps
"Linux servers monitoring deployment containers Terraform GitHub Actions",DevOps
"Build release automation Docker Compose Kubernetes Helm DevOps",DevOps
"Infrastructure as code Terraform Ansible cloud deployment pipelines",DevOps
"Observability logging monitoring Prometheus Grafana deployment automation",DevOps
"TensorFlow PyTorch deep learning neural networks model training",AI/ML
"Machine learning algorithms model evaluation feature selection Python",AI/ML
"Computer vision NLP deep learning classification regression AI",AI/ML
"Model deployment inference pipelines Scikit Learn PyTorch",AI/ML
"Supervised learning unsupervised learning neural networks optimization",AI/ML
"NodeJS Express MongoDB backend APIs authentication authorization",Backend Development
"Server side development REST APIs databases caching security",Backend Development
"Backend services Python FastAPI PostgreSQL Redis microservices",Backend Development
"API design database schema server architecture cloud backend",Backend Development
"Scalable backend systems queues workers authentication logging",Backend Development
"Kotlin Android Studio Jetpack Compose Firebase mobile apps",Android Development
"Android activities fragments layouts Room database notifications",Android Development
"Native Android development Kotlin Java Gradle Material Design",Android Development
"Mobile UI Android lifecycle Firebase authentication Firestore",Android Development
"Android app performance debugging Play Store release",Android Development
"Network security penetration testing Kali Linux ethical hacking",Cybersecurity
"Security operations vulnerability assessment firewalls intrusion detection",Cybersecurity
"Web security OWASP authentication encryption threat modeling",Cybersecurity
"Cybersecurity incident response malware analysis digital forensics",Cybersecurity
"Access control SIEM risk assessment security auditing",Cybersecurity
"Excel SQL PowerBI Tableau reporting dashboards KPIs",Data Analytics
"Business data analysis visualization cleaning reporting insights",Data Analytics
"SQL queries spreadsheets charts descriptive statistics analytics",Data Analytics
"Customer analytics sales dashboards Excel Power Query",Data Analytics
"Data storytelling PowerBI Tableau metrics trend analysis",Data Analytics
"C++ algorithms data structures dynamic programming competitive coding",Competitive Programming
"Problem solving graphs trees recursion sorting binary search",Competitive Programming
"Coding contests C++ STL time complexity optimization",Competitive Programming
"Algorithms practice arrays strings heaps queues programming contests",Competitive Programming
"Competitive programming mathematics greedy algorithms graph traversal",Competitive Programming
"Java Spring Boot Hibernate REST APIs microservices backend",Java Backend
"Java enterprise development Spring Security JPA PostgreSQL",Java Backend
"Spring Boot services Maven Gradle Docker REST controllers",Java Backend
"Java backend architecture microservices messaging Kafka databases",Java Backend
"Object oriented Java server applications API development",Java Backend
"Flutter Dart cross platform mobile Firebase UI widgets",Flutter Development
"Flutter app development state management Provider Bloc navigation",Flutter Development
"Dart mobile applications Android iOS responsive layouts",Flutter Development
"Flutter Firebase authentication Firestore push notifications",Flutter Development
"Cross platform app design Flutter animations widgets",Flutter Development
"Figma wireframes prototypes user research design systems",UI UX Design
"User interface design usability testing personas interaction design",UI UX Design
"UX research information architecture mobile app prototypes",UI UX Design
"Visual design typography color accessibility Figma components",UI UX Design
"Product design user flows journey maps usability",UI UX Design
"AWS Azure Google Cloud virtual machines storage networking",Cloud Computing
"Cloud architecture EC2 S3 IAM Lambda scalability",Cloud Computing
"Azure cloud services virtual networks storage app services",Cloud Computing
"Google Cloud Compute Engine BigQuery Cloud Run",Cloud Computing
"Cloud migration serverless computing load balancing monitoring",Cloud Computing
"Solidity Ethereum smart contracts Web3 decentralized applications",Blockchain
"Blockchain development tokens wallets cryptography consensus Ethereum",Blockchain
"Smart contract testing Hardhat Solidity DeFi applications",Blockchain
"Web3 dApps MetaMask NFT blockchain integration",Blockchain
"Distributed ledger cryptocurrency Ethereum gas smart contracts",Blockchain
"Artificial intelligence search planning reasoning knowledge representation",Artificial Intelligence
"AI systems expert systems computer vision NLP agents",Artificial Intelligence
"Intelligent agents decision making optimization robotics AI",Artificial Intelligence
"AI applications recommendation systems natural language vision",Artificial Intelligence
"Knowledge graphs reasoning inference machine intelligence",Artificial Intelligence
"PHP Laravel MySQL backend web applications MVC",PHP Development
"Laravel controllers routes Eloquent Blade authentication APIs",PHP Development
"PHP server side scripting MySQL forms sessions",PHP Development
"Web application development Laravel Composer database migrations",PHP Development
"PHP REST APIs Laravel validation middleware deployment",PHP Development
"React Redux TypeScript NextJS frontend components",Frontend Development
"CSS layouts responsive UI JavaScript browser performance",Frontend Development
"Frontend engineering React hooks state management accessibility",Frontend Development
"Single page applications TypeScript routing forms UI",Frontend Development
"Web interfaces HTML CSS JavaScript component design",Frontend Development
"Unity C# game mechanics physics animation gameplay",Game Development
"Unreal Engine Blueprints 3D games level design",Game Development
"Game programming collision detection sprites input systems",Game Development
"Unity mobile game development assets scenes scripting",Game Development
"Gameplay systems AI pathfinding game loops rendering",Game Development
"Oracle MySQL PostgreSQL database administration backups tuning",Database Administration
"SQL database management indexing replication performance monitoring",Database Administration
"DBA tasks backup recovery access control query optimization",Database Administration
"PostgreSQL administration schemas users migrations maintenance",Database Administration
"Database security transactions stored procedures server tuning",Database Administration
"Arduino Raspberry Pi sensors microcontrollers embedded C",Embedded Systems
"Embedded programming IoT devices firmware real time systems",Embedded Systems
"Microcontroller interfaces UART SPI I2C sensors actuators",Embedded Systems
"C embedded systems hardware debugging electronics robotics",Embedded Systems
"Firmware development ARM boards low level programming",Embedded Systems
"Selenium automation testing manual testing test cases QA",Software Testing
"Quality assurance bug reports regression testing test plans",Software Testing
"Automation frameworks Selenium PyTest API testing Postman",Software Testing
"Functional testing performance testing defect tracking QA",Software Testing
"Software test design unit integration acceptance testing",Software Testing
"Hadoop Spark Kafka ETL pipelines data warehouses",Data Engineering
"Data pipelines batch streaming Airflow SQL Spark",Data Engineering
"Big data engineering distributed processing Kafka ingestion",Data Engineering
"ETL workflows data lake transformation orchestration",Data Engineering
"Data warehouse modeling pipelines cloud data platforms",Data Engineering
"PowerBI Tableau business intelligence dashboards reporting KPIs",Business Intelligence
"BI reporting data modeling DAX Power Query analytics",Business Intelligence
"Executive dashboards metrics visualization business performance",Business Intelligence
"Data warehouse OLAP reports Tableau PowerBI insights",Business Intelligence
"Business metrics scorecards SQL reporting dashboards",Business Intelligence
"Routing switching TCP IP subnetting network protocols",Computer Networks
"Computer networking LAN WAN DNS DHCP firewalls",Computer Networks
"Network administration routers switches troubleshooting packet analysis",Computer Networks
"Cisco networking VLANs routing protocols OSPF BGP",Computer Networks
"Network design IP addressing security monitoring",Computer Networks
"Linux operating systems shell scripting process management",Operating Systems
"OS concepts memory management scheduling filesystems concurrency",Operating Systems
"Unix Linux commands permissions processes system administration",Operating Systems
"Kernel concepts threads deadlocks synchronization operating systems",Operating Systems
"Shell scripting Linux services package management system logs",Operating Systems
"ROS robotics sensors computer vision autonomous navigation",Robotics
"Robot programming control systems perception SLAM ROS",Robotics
"Embedded robotics Arduino motors sensors path planning",Robotics
"Robotics kinematics actuators machine vision automation",Robotics
"Autonomous robots localization mapping control algorithms",Robotics
"Scikit Learn regression classification clustering model evaluation",Machine Learning
"Feature engineering cross validation supervised learning Python",Machine Learning
"Random forest SVM decision trees logistic regression",Machine Learning
"ML pipelines preprocessing metrics hyperparameter tuning",Machine Learning
"Predictive models classification regression clustering Scikit Learn",Machine Learning
"NLP tokenization TFIDF text classification sentiment analysis",Natural Language Processing
"Language models named entity recognition text preprocessing",Natural Language Processing
"Text mining embeddings transformers natural language understanding",Natural Language Processing
"Chatbots intent classification sequence labeling NLP",Natural Language Processing
"Document classification topic modeling spaCy NLTK",Natural Language Processing
"FastAPI Flask REST APIs JSON authentication endpoints",API Development
"API design HTTP methods status codes documentation OpenAPI",API Development
"Backend API development Postman testing request response",API Development
"RESTful services Flask FastAPI database integration",API Development
"Microservice APIs rate limiting validation serialization",API Development
"Scalability distributed systems load balancing caching architecture",System Design
"High level design databases queues microservices reliability",System Design
"System architecture capacity planning sharding replication CDN",System Design
"Design scalable applications fault tolerance consistency availability",System Design
"Distributed system design message queues caching load balancers",System Design
"React Native Expo Android iOS mobile development",Mobile Development
"Cross platform mobile apps navigation storage push notifications",Mobile Development
"Mobile app development UI performance app store release",Mobile Development
"iOS Android apps React Native Firebase integration",Mobile Development
"Mobile development responsive screens offline storage APIs",Mobile Development
"Git GitHub branching merging pull requests collaboration",Version Control
"Version control commits branches conflict resolution Git workflows",Version Control
"Git repository management tags releases code review",Version Control
"GitHub collaboration issues pull requests branching strategies",Version Control
"Source control Git CLI merge rebase history",Version Control
"Hadoop Hive Spark big data distributed computing",Big Data
"Large scale data processing MapReduce Spark clusters",Big Data
"Big data platforms Hadoop ecosystem HDFS YARN",Big Data
"Distributed analytics data lakes Spark SQL Hive",Big Data
"High volume data processing cluster computing pipelines",Big Data
"Unity AR VR augmented reality virtual reality",AR VR Development
"ARCore ARKit immersive applications 3D interaction",AR VR Development
"Virtual reality development Unity XR headsets controllers",AR VR Development
"Augmented reality experiences spatial tracking 3D assets",AR VR Development
"Mixed reality applications Unity scenes user interaction",AR VR Development
"IoT MQTT sensors Raspberry Pi smart devices",Internet of Things
"Internet of Things embedded sensors cloud connectivity",Internet of Things
"IoT device communication protocols MQTT HTTP telemetry",Internet of Things
"Smart home automation microcontrollers sensors dashboards",Internet of Things
"Connected devices edge computing IoT data collection",Internet of Things
"Cyber forensics malware analysis incident investigation evidence",Cyber Forensics
"Digital forensics memory analysis disk imaging investigation",Cyber Forensics
"Malware reverse engineering forensic tools threat analysis",Cyber Forensics
"Incident response log analysis cyber crime investigation",Cyber Forensics
"Forensic acquisition chain of custody network forensics",Cyber Forensics
"Python Excel financial modeling valuation investment analytics",Finance Analytics
"Finance data analysis portfolio risk forecasting Excel",Finance Analytics
"Quantitative analysis financial statements Python statistics",Finance Analytics
"Budget forecasting revenue analysis dashboards financial KPIs",Finance Analytics
"Market analysis time series finance modeling Python",Finance Analytics
"Bioinformatics genomics DNA sequencing data analysis Python",Bioinformatics
"Computational biology gene expression statistics machine learning",Bioinformatics
"Genomics pipelines sequence alignment biological data mining",Bioinformatics
"Bioinformatics tools BLAST RNA seq variant analysis",Bioinformatics
"Healthcare data genomics Python biological databases",Bioinformatics
"Shopify WooCommerce ecommerce payment gateway product catalog",Ecommerce Development
"Online store development checkout cart inventory orders",Ecommerce Development
"Ecommerce website payments shipping coupons customer accounts",Ecommerce Development
"Shopify theme development product pages payment integration",Ecommerce Development
"WooCommerce WordPress ecommerce plugins order management",Ecommerce Development
